,Y,Y_pred
0,0.02777777777777779,0.21150940488828018
1,0.04999999999999999,0.25419159091373444
2,0.04999999999999999,0.3963184782341871
3,0.04999999999999999,0.3816563185705528
4,0.07500000000000001,0.3900254034460666
5,0.18333333333333332,0.38841447163619547
6,0.2333333333333333,0.3749573657862012
7,0.04999999999999999,0.31442287198303587
8,0.04999999999999999,0.31178046128665604
9,0.05555555555555558,0.30787493182133174
10,0.07500000000000001,0.2809400355644355
11,0.07500000000000001,0.3427394341298138
12,0.07500000000000001,0.36546277613340516
13,0.07500000000000001,0.3337608035600178
14,0.08333333333333331,0.417072021102575
15,0.09999999999999998,0.33760351673464895
16,0.09999999999999998,0.34900931566510995
17,0.1111111111111111,0.2600318474391784
18,0.1111111111111111,0.425579404324144
19,0.18333333333333332,0.4398378183515168
20,0.25,0.3405899480685707
21,0.2666666666666667,0.4473682508929876
22,0.11666666666666665,0.2824767356939607
23,0.125,0.30657927538075613
24,0.125,0.30971315994165927
25,0.22058823529411764,0.31032204305521527
26,0.13333333333333336,0.3400070725045795
27,0.1388888888888889,0.4229160344945002
28,0.14285714285714285,0.29583221066581666
29,0.15000000000000002,0.27543069785012664
30,0.15000000000000002,0.3387204976288636
31,0.225,0.28390247952109093
32,0.15000000000000002,0.2637503419589893
33,0.15000000000000002,0.41897395906452073
34,0.15000000000000002,0.38090863562308164
35,0.21666666666666667,0.37693955895281084
36,0.2777777777777778,0.3713469509658517
37,0.2857142857142857,0.37714382833678706
38,0.3214285714285714,0.410148997966155
39,0.15000000000000002,0.419436254278001
40,0.15000000000000002,0.32864370259331943
41,0.2142857142857143,0.3176268009104304
42,0.15000000000000002,0.41043595666631716
43,0.15000000000000002,0.3649871637184645
44,0.16176470588235292,0.3721170533446322
45,0.16249999999999998,0.3504020152067926
46,0.16666666666666669,0.30816356735383166
47,0.16666666666666669,0.4310110329161131
48,0.16666666666666669,0.30288668132709096
49,0.16666666666666669,0.32729553321780847
50,0.1923076923076923,0.3236924463265034
51,0.2631578947368421,0.33779392260456065
52,0.44318181818181823,0.303935813747935
53,0.175,0.38204360347275124
54,0.175,0.2847287724050058
55,0.25,0.3436688641300333
56,0.175,0.34046060848010207
57,0.18333333333333332,0.3628026338288951
58,0.1842105263157895,0.31903433282532556
59,0.19117647058823528,0.26433221053106737
60,0.1923076923076923,0.3940587277048456
61,0.29166666666666663,0.3861417214965438
62,0.3611111111111112,0.4187821039740043
63,0.1944444444444444,0.3136705399809592
64,0.1944444444444444,0.2980951052666284
65,0.25,0.2817727461851145
66,0.19642857142857145,0.3298983434867433
67,0.2,0.3567502886052868
68,0.2,0.37415678823279197
69,0.30000000000000004,0.3391727072156293
70,0.2,0.3611244691818577
71,0.2,0.41487869150140566
72,0.2,0.44767195497252976
73,0.25,0.4149451416575146
74,0.2894736842105263,0.4811703767139952
75,0.325,0.41047600167433773
76,0.33333333333333337,0.44660348794748894
77,0.2,0.33113046000153346
78,0.2,0.23120566049496905
79,0.2023809523809524,0.26531065165433687
80,0.29166666666666663,0.2813081732627555
81,0.3970588235294118,0.302579560381138
82,0.2083333333333333,0.37932526691407664
83,0.21052631578947367,0.3114072578045647
84,0.21052631578947367,0.3149359152245007
85,0.21052631578947367,0.33455194659487386
86,0.2115384615384616,0.279080051182381
87,0.2125,0.33570100555355653
88,0.2125,0.3895783660313008
89,0.225,0.37516329732884224
90,0.23214285714285715,0.38916150050737053
91,0.25,0.3847437670826085
92,0.2727272727272727,0.3003500828177982
93,0.2142857142857143,0.44740336099876554
94,0.21666666666666667,0.40005538346720837
95,0.21666666666666667,0.30644351186744223
96,0.2222222222222222,0.34878857975201183
97,0.2222222222222222,0.39456849996441734
98,0.2222222222222222,0.3668216947614804
99,0.22368421052631576,0.4114045894277446
100,0.22368421052631576,0.2843482117029513
101,0.22368421052631576,0.3430855934830025
102,0.22368421052631576,0.28701060841970494
103,0.225,0.3947388599211784
104,0.225,0.33841924263730927
105,0.225,0.3993527954874212
106,0.3611111111111112,0.3677455613673488
107,0.3888888888888888,0.3941156209167984
108,0.4027777777777778,0.369611394478071
109,0.4305555555555556,0.42621550386920926
110,0.225,0.45835089840714227
111,0.23214285714285715,0.3434324041634066
112,0.23214285714285715,0.31496873631149236
113,0.40909090909090906,0.24567909869817794
114,0.2333333333333333,0.29638947391499704
115,0.2333333333333333,0.3210781652146545
116,0.2333333333333333,0.3345854124585651
117,0.2361111111111111,0.41019923559442784
118,0.2361111111111111,0.3134491148973383
119,0.33333333333333337,0.30053736063180403
120,0.2361111111111111,0.33689703075125677
121,0.2361111111111111,0.3739805446839386
122,0.2368421052631579,0.3786697508470773
123,0.325,0.3967395392481944
124,0.2368421052631579,0.38968759208306303
125,0.25,0.32838503434191313
126,0.25,0.28105493774917323
127,0.3666666666666667,0.3248042326359901
128,0.25,0.40848783287380375
129,0.25,0.425537080280596
130,0.2666666666666667,0.4164310189741991
131,0.4166666666666666,0.43122191375904717
132,0.4166666666666666,0.46532393692053586
133,0.25,0.35261907138844395
134,0.25,0.28857063602002864
135,0.25,0.3390745404257127
136,0.25,0.34386324190522166
137,0.25,0.4235036472318058
138,0.25,0.3202812497039239
139,0.25,0.46097401680221994
140,0.25,0.33902167412071416
141,0.25,0.35357652957955155
142,0.2777777777777778,0.3465063006948398
143,0.33333333333333337,0.332589989800798
144,0.25,0.27209873668726337
145,0.25,0.4123249206208005
146,0.26190476190476186,0.3037335527229922
147,0.26190476190476186,0.35994814688852883
148,0.26190476190476186,0.4109397893315314
149,0.26388888888888884,0.3657654835743025
150,0.2894736842105263,0.3773490119124845
151,0.35,0.3963795464880039
152,0.3529411764705882,0.389359299259597
153,0.3611111111111112,0.4063472112724643
154,0.26388888888888884,0.4286291301849492
155,0.26388888888888884,0.3152293788917163
156,0.2666666666666667,0.27682256586096343
157,0.2666666666666667,0.33395385744129125
158,0.2678571428571429,0.33423695560860545
159,0.2678571428571429,0.35100333282576346
160,0.2678571428571429,0.42317462738706146
161,0.2678571428571429,0.28531232263659956
162,0.2678571428571429,0.37315408959650687
163,0.27380952380952384,0.4215094310208872
164,0.275,0.32536961864425384
165,0.275,0.403546146098108
166,0.275,0.27275878424100886
167,0.2763157894736842,0.4216321951916019
168,0.2777777777777778,0.31546054029268855
169,0.2833333333333333,0.36813805425229584
170,0.2833333333333333,0.28728840265923006
171,0.2833333333333333,0.3764849246542963
172,0.45,0.38628998872279263
173,0.28409090909090906,0.43226133205822903
174,0.2875,0.37876762631870564
175,0.29166666666666663,0.301230673301934
176,0.30000000000000004,0.4051238625573823
177,0.3888888888888888,0.3857340476595985
178,0.30000000000000004,0.3870508678911624
179,0.3571428571428571,0.4199671083822458
180,0.375,0.40096331549708364
181,0.38235294117647056,0.39319712344805546
182,0.4,0.37854378280160794
183,0.30000000000000004,0.33744375243805724
184,0.4107142857142857,0.3381560039526603
185,0.30000000000000004,0.31205881910830924
186,0.31666666666666665,0.3104010735054299
187,0.30000000000000004,0.4420687412809817
188,0.30000000000000004,0.3798749593641416
189,0.3035714285714286,0.38624526044721297
190,0.3035714285714286,0.4373914635196994
191,0.3035714285714286,0.31368483164748096
192,0.3055555555555556,0.3245462497684819
193,0.3055555555555556,0.303756656402142
194,0.3055555555555556,0.38404972202372223
195,0.3055555555555556,0.3436492419853977
196,0.3382352941176471,0.31264656446276895
197,0.3055555555555556,0.3012642318729156
198,0.5,0.30522956954505764
199,0.30681818181818177,0.38612461137301757
200,0.4166666666666666,0.4131268428807685
201,0.3157894736842105,0.35216301419615126
202,0.31666666666666665,0.3404507552075918
203,0.31666666666666665,0.3573238996550917
204,0.31666666666666665,0.3610483220399493
205,0.3194444444444444,0.4551367848896909
206,0.3194444444444444,0.27324455869562525
207,0.3194444444444444,0.27422176087235706
208,0.3214285714285714,0.31520889492787085
209,0.3214285714285714,0.34904949136587404
210,0.3214285714285714,0.34446341367124234
211,0.325,0.35398691789119185
212,0.325,0.432200978716756
213,0.325,0.4759011883616001
214,0.4464285714285714,0.4561789077818419
215,0.325,0.43605421193593663
216,0.328125,0.37086950253727036
217,0.32894736842105265,0.42586771849966654
218,0.5666666666666667,0.42878537493247804
219,0.33333333333333337,0.41192463914269817
220,0.33333333333333337,0.40855294312835155
221,0.3928571428571429,0.42256015819362824
222,0.4583333333333334,0.41031707718686183
223,0.33333333333333337,0.3566363319160104
224,0.33333333333333337,0.42873603171098074
225,0.33333333333333337,0.3931594876765434
226,0.33333333333333337,0.4190265464834205
227,0.33333333333333337,0.3684133209718091
228,0.33333333333333337,0.3415190236581891
229,0.33333333333333337,0.3045980906376893
230,0.33333333333333337,0.2919341285956282
231,0.33333333333333337,0.36758243170927896
232,0.3571428571428571,0.35726526173810225
233,0.5138888888888888,0.358669534056999
234,0.55,0.3731980921756495
235,0.5694444444444444,0.38423891078066374
236,0.33333333333333337,0.3613517923603149
237,0.35,0.36698295969670425
238,0.45,0.376509938316997
239,0.33333333333333337,0.31544959651792304
240,0.3375,0.3535645179480468
241,0.3375,0.3510820441032737
242,0.3382352941176471,0.3842565448119082
243,0.3382352941176471,0.35839513716633153
244,0.3392857142857143,0.41808807958084837
245,0.4,0.4034979864538536
246,0.475,0.3829740532726966
247,0.4833333333333333,0.40758354493259785
248,0.5833333333333334,0.3490318172397061
249,0.3409090909090909,0.3825622388768416
250,0.34523809523809523,0.3679742697601739
251,0.3472222222222222,0.28344310124410443
252,0.35,0.40434404941753654
253,0.35,0.262892657560162
254,0.35,0.36283947833740804
255,0.35,0.4653038886259496
256,0.35,0.3363421791456944
257,0.35,0.40225042607215744
258,0.35,0.3740708132428626
259,0.4,0.3737366708461082
260,0.35,0.4516855386072386
261,0.35,0.3718166832868255
262,0.3529411764705882,0.4181604908872326
263,0.35526315789473684,0.28775994036275143
264,0.3571428571428571,0.35204337816539844
265,0.4078947368421053,0.38376115325879945
266,0.45,0.38280581330271335
267,0.4821428571428571,0.38128534425292904
268,0.6,0.38218928387730733
269,0.3571428571428571,0.2996610439472288
270,0.3571428571428571,0.3931528336006048
271,0.3611111111111112,0.40989166027755675
272,0.3611111111111112,0.43167458114456536
273,0.3611111111111112,0.4959596108796256
274,0.3611111111111112,0.4357557266495974
275,0.3625,0.38535125838901463
276,0.475,0.3929894950527717
277,0.3666666666666667,0.3879448426433252
278,0.3666666666666667,0.3746256020639417
279,0.368421052631579,0.3752930741899039
280,0.375,0.36614815855098215
281,0.5166666666666667,0.39662560016367376
282,0.55,0.3847357361539685
283,0.375,0.448360962561382
284,0.375,0.37296534640251156
285,0.375,0.2936235840796345
286,0.375,0.371579215723687
287,0.375,0.4482084300337458
288,0.375,0.4131346472014632
289,0.375,0.44518599272630344
290,0.375,0.35791180039324644
291,0.4285714285714286,0.3502824955622955
292,0.43333333333333335,0.3595684976355694
293,0.5178571428571429,0.33502524194148375
294,0.5555555555555556,0.3425229314962803
295,0.375,0.3543734971026353
296,0.38235294117647056,0.34818120011043485
297,0.38235294117647056,0.30450004555044785
298,0.38235294117647056,0.3775596166129902
299,0.3833333333333333,0.3689599025611823
300,0.3833333333333333,0.3395454810245254
301,0.3833333333333333,0.45223281092507683
302,0.3888888888888888,0.38652151820440217
303,0.3888888888888888,0.3516420583192692
304,0.3888888888888888,0.3890662922971403
305,0.3970588235294118,0.3744009964669316
306,0.5,0.4180463597013656
307,0.5833333333333334,0.43803676995984553
308,0.6,0.4245958422751168
309,0.4,0.42996543354967975
310,0.4,0.38123662702433603
311,0.4,0.3544197214293524
312,0.4,0.442222454119644
313,0.4,0.3987040563218053
314,0.5714285714285714,0.39169781497747724
315,0.4,0.33658230451495386
316,0.4,0.4281239657074307
317,0.425,0.44748403661742564
318,0.4027777777777778,0.417692694418599
319,0.4027777777777778,0.27826771607008116
320,0.4027777777777778,0.4022047912711102
321,0.4027777777777778,0.3504727112701663
322,0.4027777777777778,0.4197900828076896
323,0.4078947368421053,0.4036789700836638
324,0.4078947368421053,0.4323577263888946
325,0.4107142857142857,0.3606340848848515
326,0.4166666666666666,0.34808387909447713
327,0.4166666666666666,0.3207580246397189
328,0.4166666666666666,0.3466355950971729
329,0.4166666666666666,0.402049814598035
330,0.4166666666666666,0.2788140661045029
331,0.4166666666666666,0.42974750112668936
332,0.4204545454545454,0.3543248885326422
333,0.42105263157894735,0.44790835815505425
334,0.425,0.31390345336569014
335,0.425,0.4316348501818871
336,0.425,0.33017899361505565
337,0.425,0.29811038037090176
338,0.42647058823529416,0.3534932934447351
339,0.42647058823529416,0.3279171190650878
340,0.4285714285714286,0.27662648039499427
341,0.4285714285714286,0.3420213317559847
342,0.4285714285714286,0.2798809378964785
343,0.4285714285714286,0.3970709959569343
344,0.5416666666666666,0.36458060719972296
345,0.55,0.40847293604257295
346,0.4305555555555556,0.3676090183098828
347,0.4305555555555556,0.4349504395571703
348,0.4305555555555556,0.33026812267726313
349,0.43333333333333335,0.36466025385683465
350,0.43333333333333335,0.36720885868614717
351,0.43333333333333335,0.3999241178684748
352,0.43333333333333335,0.3940522912613871
353,0.43333333333333335,0.391639425390219
354,0.4615384615384616,0.3933561452992236
355,0.43333333333333335,0.4207067113491205
356,0.43333333333333335,0.3763307326648748
357,0.4404761904761905,0.45898606730218094
358,0.4411764705882353,0.4354143730776461
359,0.4423076923076923,0.38381162026053584
360,0.4444444444444444,0.45739263670326247
361,0.4444444444444444,0.37903512273630313
362,0.4464285714285714,0.32298640411273083
363,0.4464285714285714,0.37897132431089464
364,0.4473684210526315,0.45146461091235524
365,0.45,0.37457801823147785
366,0.45,0.37687189933839194
367,0.45,0.42125122796362147
368,0.45,0.4297344804338512
369,0.45,0.38623279606903704
370,0.45,0.28597245583639896
371,0.45,0.4700807355834521
372,0.45,0.3727436993666047
373,0.45,0.28290190979865204
374,0.4523809523809523,0.34324586531179635
375,0.6,0.3514578314715576
376,0.4583333333333334,0.4219864329268479
377,0.4583333333333334,0.30360465873642484
378,0.475,0.28711451870740323
379,0.4583333333333334,0.41615444606820806
380,0.4605263157894737,0.34261957447474456
381,0.4605263157894737,0.2619674311564829
382,0.4615384615384616,0.3036887912327306
383,0.4642857142857143,0.39479178795600667
384,0.4722222222222222,0.4649459290613117
385,0.4722222222222222,0.40023623987736545
386,0.4736842105263158,0.3791543132222218
387,0.475,0.38912515267631986
388,0.4772727272727273,0.4442321397483293
389,0.4821428571428571,0.3312718191496685
390,0.4821428571428571,0.4458053802554749
391,0.4833333333333333,0.3348667839656724
392,0.4833333333333333,0.3929289859780932
393,0.4833333333333333,0.3626629800800275
394,0.4852941176470589,0.4010510131749597
395,0.4861111111111112,0.3236701946285544
396,0.4861111111111112,0.45128813845701843
397,0.4880952380952381,0.3452918602276096
398,0.4880952380952381,0.3795376053791596
399,0.4880952380952381,0.47407391358184636
400,0.675,0.46385118043314655
401,0.5,0.3761499576787287
402,0.5,0.45152185510218945
403,0.5,0.3990847108753319
404,0.5,0.39557210521952124
405,0.5,0.38269443593660235
406,0.5,0.33645496255323837
407,0.5,0.38814085660010345
408,0.5,0.36202014114214076
409,0.6388888888888888,0.36498305813582055
410,0.5,0.27768271345026907
411,0.5,0.3849797643682411
412,0.5,0.4122355561449895
413,0.5,0.39789884579180856
414,0.5,0.4188433832774294
415,0.5125,0.2570372242536305
416,0.5833333333333334,0.3305684071681322
417,0.5131578947368421,0.36093043786392476
418,0.5131578947368421,0.42897410840205474
419,0.5138888888888888,0.36828170000247507
420,0.5147058823529411,0.38068311425181145
421,0.5166666666666667,0.39046472459926684
422,0.5166666666666667,0.31959029624131496
423,0.5166666666666667,0.44799892999979596
424,0.5166666666666667,0.3845659118313578
425,0.675,0.3803655001513093
426,0.5166666666666667,0.3635716597406309
427,0.5178571428571429,0.47006585645761556
428,0.5178571428571429,0.42201465119818315
429,0.5178571428571429,0.39902382318306895
430,0.525,0.3889211946288914
431,0.525,0.40311881467366917
432,0.5833333333333334,0.3964937641499142
433,0.525,0.43146601423531017
434,0.525,0.33799954379500563
435,0.5263157894736842,0.421768853604065
436,0.5277777777777778,0.3574929640683644
437,0.5277777777777778,0.42902132205903165
438,0.5277777777777778,0.3487230238342143
439,0.5277777777777778,0.4868389515304872
440,0.5294117647058824,0.4603054293386929
441,0.5333333333333333,0.4077514889694902
442,0.5333333333333333,0.4983413432252244
443,0.5333333333333333,0.39096864604937687
444,0.5333333333333333,0.2815686488679229
445,0.5357142857142857,0.31408094447210766
446,0.7777777777777777,0.32002410477682486
447,0.5357142857142857,0.2972977566605419
448,0.5416666666666666,0.4499524005848652
449,0.5416666666666666,0.37690984753495393
450,0.5441176470588235,0.45165853416502466
451,0.55,0.3387196360645458
452,0.55,0.3806144861998747
453,0.5526315789473685,0.4630401827896967
454,0.5535714285714286,0.34675630801500934
455,0.5555555555555556,0.39698517068694017
456,0.5666666666666667,0.4155906423587745
457,0.5666666666666667,0.32686245016785254
458,0.5666666666666667,0.4020980491544719
459,0.5666666666666667,0.3808522427343063
460,0.5833333333333334,0.3888847632837086
461,0.5694444444444444,0.2681128843325725
462,0.625,0.3075975219562781
463,0.5714285714285714,0.4351000023560252
464,0.575,0.39102306805060616
465,0.575,0.34014117896378926
466,0.575,0.30306749926895626
467,0.575,0.4253769051190299
468,0.5789473684210527,0.25099944394038987
469,0.5833333333333334,0.4144952646115001
470,0.5833333333333334,0.3806518374407737
471,0.6,0.4294009032891999
472,0.5921052631578947,0.4631641951913935
473,0.5972222222222222,0.3774662399169596
474,0.6,0.3677004554522344
475,0.6,0.4551493451043187
476,0.6,0.38229073551133474
477,0.6,0.2924083008447125
478,0.6,0.35988261553629186
479,0.6052631578947368,0.4783183102987141
480,0.625,0.44003946441189556
481,0.625,0.4255599588315436
482,0.625,0.4755451519872439
483,0.6388888888888888,0.4241030385055894
484,0.6388888888888888,0.46360018453655927
485,0.6388888888888888,0.44815764003407166
486,0.6428571428571429,0.44470965859981115
487,0.65,0.421301868224393
488,0.65,0.5012197449816646
489,0.65,0.40682716938882757
490,0.65,0.489444888764489
491,0.6538461538461539,0.4175660798992753
492,0.6666666666666666,0.41314883749208353
493,0.6666666666666666,0.37732159408064203
494,0.6666666666666666,0.4811062358429906
495,0.6666666666666666,0.38788239178885775
496,0.6666666666666666,0.342937883114395
497,0.7,0.3909675836592873
498,0.7,0.43039525530471534
499,0.7236842105263158,0.47881415139553984
500,0.7361111111111112,0.48073403657635705
501,0.75,0.36100492599682144
502,0.02777777777777779,-0.002305472546526577
503,0.07500000000000001,0.45346877909820404
504,0.07500000000000001,0.4342647621279263
505,0.08333333333333331,0.39985485501522733
506,0.09999999999999998,0.4933603167689935
507,0.09999999999999998,0.34928973988256073
508,0.09999999999999998,0.33225209154209423
509,0.09999999999999998,0.3733795636718168
510,0.1111111111111111,0.3204419909490793
511,0.09999999999999998,0.43031207363168567
512,0.09999999999999998,0.4369977423835153
513,0.1111111111111111,0.38197474428883516
514,0.2222222222222222,0.3612161499452785
515,0.3055555555555556,0.34940976982959804
516,0.1111111111111111,0.38073108668952516
517,0.13235294117647056,0.36954018118715215
518,0.15000000000000002,0.35240690215374026
519,0.15000000000000002,0.5112067312653068
520,0.16176470588235292,0.408085443655415
521,0.175,0.4042073926347759
522,0.1764705882352941,0.34153073394592137
523,0.1805555555555556,0.42469192867499117
524,0.19117647058823528,0.4171695171153489
525,0.2666666666666667,0.3529815556857301
526,0.1944444444444444,0.3720669459335023
527,0.19642857142857145,0.466449522103054
528,0.19642857142857145,0.325446682229906
529,0.2,0.4042964109331382
530,0.21666666666666667,0.34136803964759155
531,0.2222222222222222,0.4416910728196636
532,0.2222222222222222,0.3964361864877468
533,0.2222222222222222,0.46628518067740266
534,0.22368421052631576,0.3404924756780632
535,0.225,0.40239345254602565
536,0.23214285714285715,0.4584163416337116
537,0.23214285714285715,0.42286749309488203
538,0.2333333333333333,0.4841583526863469
539,0.234375,0.41168005309130307
540,0.25,0.3214184823005195
541,0.234375,0.34871514424822037
542,0.2352941176470588,0.3326352114761052
543,0.2361111111111111,0.47393914538658555
544,0.2380952380952381,0.3819075083558039
545,0.25,0.430746295467196
546,0.25,0.43486305526156166
547,0.25,0.46494020830523763
548,0.25,0.3331613507427036
549,0.25,0.49232861424092556
550,0.25,0.4825671576620627
551,0.25,0.3205770844636383
552,0.26388888888888884,0.4208657214925864
553,0.26388888888888884,0.4329501657760817
554,0.26388888888888884,0.380153192393867
555,0.26388888888888884,0.5052270663844584
556,0.2894736842105263,0.506068201576021
557,0.2647058823529411,0.43982243386877273
558,0.2647058823529411,0.4199127342009209
559,0.2647058823529411,0.3917905528565464
560,0.2666666666666667,0.4881052882245718
561,0.2666666666666667,0.3889448360315161
562,0.2666666666666667,0.43146260119630175
563,0.296875,0.39030058389733724
564,0.275,0.49629368481134184
565,0.2763157894736842,0.4622537612778741
566,0.2763157894736842,0.3757279529455001
567,0.2777777777777778,0.3965539583020904
568,0.2794117647058824,0.38891777682945283
569,0.2794117647058824,0.3862317245394268
570,0.2794117647058824,0.4043955129637804
571,0.2794117647058824,0.4207988923390965
572,0.2794117647058824,0.4595872731634848
573,0.28125,0.4440512466041072
574,0.2833333333333333,0.3762416982020761
575,0.2833333333333333,0.4004626281007583
576,0.2833333333333333,0.36080483437759503
577,0.2857142857142857,0.33656116855649376
578,0.2875,0.43819620772270496
579,0.2894736842105263,0.5236801372495274
580,0.2894736842105263,0.5041555009630458
581,0.475,0.5166817893983309
582,0.6,0.48549420509710206
583,0.2941176470588235,0.4521958998273663
584,0.45,0.45220071964499864
585,0.4705882352941176,0.4116281256979729
586,0.2941176470588235,0.46688422468295343
587,0.296875,0.4246090928736107
588,0.296875,0.5031996168477133
589,0.30000000000000004,0.45666818651405816
590,0.30000000000000004,0.42562099773307804
591,0.30000000000000004,0.5173319927499888
592,0.30000000000000004,0.42865709089256854
593,0.3026315789473685,0.3402408674680014
594,0.3035714285714286,0.4774567937705271
595,0.3055555555555556,0.32740238312973213
596,0.3055555555555556,0.4245748592253282
597,0.3088235294117647,0.46902622281817996
598,0.3088235294117647,0.33634054068743746
599,0.3088235294117647,0.36434877247267294
600,0.3088235294117647,0.5022855346914659
601,0.3125,0.3138826359895408
602,0.3125,0.4291334628029664
603,0.31666666666666665,0.3159537505074542
604,0.31666666666666665,0.44185727280131104
605,0.33333333333333337,0.44105440838196774
606,0.31666666666666665,0.4151390704700614
607,0.3194444444444444,0.3819630870359846
608,0.3194444444444444,0.45478783151154656
609,0.3194444444444444,0.40062496140822945
610,0.3214285714285714,0.3661993778038156
611,0.32352941176470584,0.4356837172584157
612,0.3382352941176471,0.45474662657304166
613,0.325,0.37684518034183656
614,0.325,0.476705799929955
615,0.325,0.4003200189381917
616,0.32894736842105265,0.5012033006420157
617,0.33333333333333337,0.4430628056222352
618,0.3375,0.411360429792749
619,0.3382352941176471,0.4555222110110585
620,0.3472222222222222,0.384121119336863
621,0.35,0.40564090284487064
622,0.35,0.4504625490799721
623,0.35,0.3494577457195924
624,0.3529411764705882,0.45498130295651307
625,0.3529411764705882,0.4656485594501849
626,0.3529411764705882,0.428108176998677
627,0.35526315789473684,0.3537878993556789
628,0.3571428571428571,0.42085133446490186
629,0.3571428571428571,0.5204680592978851
630,0.359375,0.4901584904080786
631,0.3611111111111112,0.4790633319036175
632,0.3611111111111112,0.44246784890520297
633,0.3611111111111112,0.5177827176462042
634,0.3666666666666667,0.4460771201020758
635,0.36764705882352944,0.5352574776076596
636,0.36764705882352944,0.4558457389892334
637,0.375,0.4629733746662418
638,0.375,0.41461661166366026
639,0.375,0.3518313782106741
640,0.375,0.42596981491091823
641,0.375,0.3972416753858685
642,0.375,0.4000874643944824
643,0.375,0.4879130086449648
644,0.375,0.539999465524843
645,0.375,0.4420648851720216
646,0.375,0.41645922988090556
647,0.381578947368421,0.473444357058207
648,0.38235294117647056,0.509813423225677
649,0.3833333333333333,0.32725969206003547
650,0.3888888888888888,0.4472026047260458
651,0.3888888888888888,0.46503752420600386
652,0.3888888888888888,0.45461683754719695
653,0.3928571428571429,0.42377629053967414
654,0.3947368421052632,0.5120184583715796
655,0.4,0.40269175760811626
656,0.42647058823529416,0.42791533528794845
657,0.45,0.4505156596651574
658,0.4,0.47206375268249
659,0.4,0.4326809938004057
660,0.4,0.39656415998244154
661,0.4,0.405387995393105
662,0.4,0.3858204299742598
663,0.4,0.4792681337574958
664,0.4,0.4302102620637276
665,0.4,0.36637055527237494
666,0.4,0.416022081374677
667,0.40625,0.4772740715196079
668,0.4078947368421053,0.5207285213031649
669,0.4107142857142857,0.4724064701655636
670,0.4107142857142857,0.468595543084927
671,0.4125,0.5227998702261597
672,0.4166666666666666,0.4177309075298906
673,0.4166666666666666,0.4225935219693171
674,0.4852941176470589,0.4185945650636661
675,0.4166666666666666,0.4299418608600014
676,0.4166666666666666,0.3729472199029512
677,0.4166666666666666,0.4827468687115293
678,0.4166666666666666,0.4936046221896164
679,0.42105263157894735,0.44159044769243605
680,0.42105263157894735,0.4970832593239326
681,0.425,0.42979878524835324
682,0.42647058823529416,0.42765027047983317
683,0.42647058823529416,0.3653824062733424
684,0.4305555555555556,0.38428162545282296
685,0.4305555555555556,0.4753300384339433
686,0.4342105263157895,0.4495369815429111
687,0.4411764705882353,0.4814771265205253
688,0.4444444444444444,0.4755298686835562
689,0.4444444444444444,0.45249552649825964
690,0.4464285714285714,0.48761676141405863
691,0.4464285714285714,0.454712911425766
692,0.4464285714285714,0.3891142227090423
693,0.4473684210526315,0.5082937365401323
694,0.45,0.35232017762291
695,0.45,0.49284668044395497
696,0.5384615384615384,0.4553045138681383
697,0.45,0.4858745270923639
698,0.45,0.4946044726940314
699,0.45,0.4109811965460842
700,0.4523809523809523,0.41904024666925177
701,0.453125,0.41157276906031104
702,0.453125,0.4403575635346748
703,0.453125,0.49900324628805237
704,0.453125,0.43700230786370087
705,0.453125,0.5135474628018771
706,0.546875,0.4728413418433114
707,0.631578947368421,0.5026169819068439
708,0.4558823529411765,0.43762554211995164
709,0.5416666666666666,0.40776729726328054
710,0.4558823529411765,0.4874540301815896
711,0.4583333333333334,0.5559728076640291
712,0.4605263157894737,0.5392580907314339
713,0.5588235294117647,0.5809389022513751
714,0.4625,0.35159849246800956
715,0.4625,0.49103836288183367
716,0.4642857142857143,0.44360247233322225
717,0.4666666666666667,0.4907516263339473
718,0.46875,0.43211899915188356
719,0.46875,0.4503699432566777
720,0.4705882352941176,0.42783600350039863
721,0.4722222222222222,0.5035809485041617
722,0.4736842105263158,0.5258176925505459
723,0.475,0.5154105700366005
724,0.475,0.44228132977738566
725,0.475,0.4117725883438216
726,0.4761904761904762,0.4722936339146121
727,0.4821428571428571,0.48186683837337585
728,0.4833333333333333,0.4345473070387227
729,0.484375,0.5154567246290876
730,0.5,0.5280055617683107
731,0.4852941176470589,0.47957899233417045
732,0.4852941176470589,0.4559537632717219
733,0.625,0.4355246915212727
734,0.4852941176470589,0.45254612260794125
735,0.4852941176470589,0.5380190549738253
736,0.4852941176470589,0.4111448243522995
737,0.4861111111111112,0.41752278364891793
738,0.5,0.4348077036572304
739,0.5,0.4259826961701534
740,0.5,0.34638874191462465
741,0.5,0.4898520107532278
742,0.5,0.4615193303382933
743,0.5,0.4768303965244026
744,0.59375,0.44518651496150163
745,0.5,0.46892267108347196
746,0.5,0.399239748751573
747,0.5,0.4638288800511856
748,0.5,0.5019198058347963
749,0.55,0.4904504110098572
750,0.5,0.42515588537173976
751,0.5,0.39107211755067195
752,0.5,0.41961209904505914
753,0.5,0.5216979284298925
754,0.5,0.48455604982638556
755,0.5,0.4678575092276719
756,0.5,0.3860879582048853
757,0.5,0.4787432672984554
758,0.5,0.4697447491612202
759,0.5,0.37881272916475306
760,0.5131578947368421,0.49546065881066226
761,0.7333333333333333,0.5223865148478903
762,0.5138888888888888,0.56688663807145
763,0.5147058823529411,0.5542882689036103
764,0.515625,0.4830207714766379
765,0.515625,0.4971762055938288
766,0.515625,0.5196876374624114
767,0.5238095238095238,0.4228679430817509
768,0.525,0.49853210413987614
769,0.7857142857142858,0.5519489910796813
770,0.525,0.38873760516626754
771,0.525,0.48453631061792524
772,0.5263157894736842,0.5238062519801409
773,0.5263157894736842,0.49651291890866656
774,0.5263157894736842,0.5093581766100007
775,0.546875,0.5245069118402196
776,0.5882352941176471,0.5508532557118428
777,0.5277777777777778,0.43958113246489594
778,0.5277777777777778,0.4526103206000408
779,0.5277777777777778,0.5260953331630198
780,0.5294117647058824,0.5032080186834634
781,0.5294117647058824,0.392105646725981
782,0.5294117647058824,0.5431152718371729
783,0.5294117647058824,0.44943780753209117
784,0.5294117647058824,0.5282266754321787
785,0.5294117647058824,0.49579213906507136
786,0.5294117647058824,0.4957779826071519
787,0.53125,0.44592816916911293
788,0.53125,0.4873331344734253
789,0.53125,0.413790915509079
790,0.5333333333333333,0.39925870792873
791,0.6428571428571429,0.41177002622439896
792,0.5333333333333333,0.40696808641337223
793,0.5333333333333333,0.4289805806977559
794,0.5357142857142857,0.470759457687177
795,0.5357142857142857,0.5251068190158995
796,0.5394736842105263,0.4832292958697161
797,0.5416666666666666,0.4835027892667343
798,0.5416666666666666,0.4960850315817892
799,0.5416666666666666,0.5610590562504202
800,0.5416666666666666,0.5153076708977633
801,0.5416666666666666,0.590541133929854
802,0.5441176470588235,0.5082362366979701
803,0.5441176470588235,0.34379812325963477
804,0.5441176470588235,0.433468101346554
805,0.5441176470588235,0.4330188848676674
806,0.5441176470588235,0.5129820690694946
807,0.5789473684210527,0.49762219805982244
808,0.6,0.5188580520305388
809,0.625,0.4888913238351994
810,0.546875,0.4694538456605182
811,0.5476190476190477,0.4590279856541579
812,0.5892857142857143,0.49928179346321633
813,0.6176470588235294,0.46928497714453743
814,0.55,0.4114347174230014
815,0.55,0.5205653099781459
816,0.55,0.4192163596897841
817,0.55,0.4921316060117542
818,0.55,0.5602954437300136
819,0.5555555555555556,0.37713231331653596
820,0.5588235294117647,0.4462545045352222
821,0.5588235294117647,0.48552358014846353
822,0.5588235294117647,0.42330280592930125
823,0.5588235294117647,0.4489716983642894
824,0.5588235294117647,0.4543240432244292
825,0.5588235294117647,0.4805140838567076
826,0.5595238095238095,0.46535377983702997
827,0.5972222222222222,0.4264920917659579
828,0.625,0.4751389414927638
829,0.725,0.4929724166728652
830,0.5625,0.5194216195498048
831,0.6764705882352942,0.5285464432414041
832,0.5657894736842105,0.47259549788569866
833,0.5657894736842105,0.5843859682328777
834,0.5657894736842105,0.5161350300654466
835,0.5657894736842105,0.4159523382633743
836,0.6447368421052632,0.4107113773687825
837,0.5666666666666667,0.5391968036277313
838,0.5666666666666667,0.46229522151467073
839,0.5666666666666667,0.5015752683381556
840,0.5666666666666667,0.5090506481290298
841,0.5694444444444444,0.5018627169558443
842,0.5972222222222222,0.4847992800231433
843,0.625,0.488159686769984
844,0.7777777777777777,0.49260683265906213
845,0.5666666666666667,0.5059670200885688
846,0.5694444444444444,0.4486625050944766
847,0.7749999999999999,0.45116752623603384
848,0.5694444444444444,0.5263341830801107
849,0.5714285714285714,0.5441527501272359
850,0.5714285714285714,0.4824327238843331
851,0.5735294117647058,0.5528365331890422
852,0.5735294117647058,0.4399773912831635
853,0.6166666666666667,0.47059784600300847
854,0.575,0.46126391687933643
855,0.575,0.37914119028637894
856,0.5833333333333334,0.43883980212975826
857,0.5833333333333334,0.4912672828502812
858,0.5875,0.47257849726918355
859,0.6,0.5185211240843319
860,0.5833333333333334,0.5383891673542051
861,0.5833333333333334,0.424018958613519
862,0.5833333333333334,0.38466167987416167
863,0.5833333333333334,0.4589244021159563
864,0.5833333333333334,0.4856070417571382
865,0.5882352941176471,0.5169025092941338
866,0.5833333333333334,0.4483928496039524
867,0.5875,0.5261595768029205
868,0.5882352941176471,0.45790375595261656
869,0.5882352941176471,0.411962903697106
870,0.5882352941176471,0.42983331125830404
871,0.5882352941176471,0.5026022263629893
872,0.5882352941176471,0.47154082295280697
873,0.5892857142857143,0.4834881750173826
874,0.59375,0.48848004637638387
875,0.59375,0.41625816778074587
876,0.5972222222222222,0.45365491693540094
877,0.75,0.48665463203264714
878,0.6,0.46058037068868096
879,0.6,0.42997006894145673
880,0.6764705882352942,0.4229554085554019
881,0.6,0.5165526842313141
882,0.6,0.6259391758427902
883,0.6029411764705882,0.3767938051850763
884,0.6029411764705882,0.5477065102905958
885,0.6029411764705882,0.4968054437842051
886,0.6029411764705882,0.528788807544655
887,0.6029411764705882,0.5072903881476528
888,0.6333333333333333,0.5152411642571776
889,0.75,0.5620535002222687
890,0.7749999999999999,0.5571753011352851
891,0.6029411764705882,0.3802492912172847
892,0.6029411764705882,0.3575205693556368
893,0.7205882352941176,0.3899816484768185
894,0.75,0.38464510672350094
895,0.6052631578947368,0.473132281786363
896,0.609375,0.5077265995212104
897,0.609375,0.4922121629030596
898,0.609375,0.5482524908040262
899,0.609375,0.40710536340921344
900,0.6111111111111112,0.5287628249300856
901,0.6111111111111112,0.35320135672685893
902,0.6111111111111112,0.45365578101105375
903,0.6111111111111112,0.47256116008780213
904,0.6111111111111112,0.5331783732765412
905,0.6125,0.5205282444013065
906,0.6447368421052632,0.4746521900376064
907,0.7749999999999999,0.47643268064313227
908,0.8214285714285714,0.5502441077463818
909,0.6166666666666667,0.5091356148215225
910,0.6166666666666667,0.4161167756797397
911,0.6166666666666667,0.5016726369894078
912,0.6166666666666667,0.38004470314270455
913,0.6166666666666667,0.4741080884936494
914,0.6176470588235294,0.5178681124493087
915,0.6176470588235294,0.4060320843219687
916,0.618421052631579,0.460486436331874
917,0.618421052631579,0.4593579903860294
918,0.618421052631579,0.5324041599490181
919,0.625,0.51006969160429
920,0.625,0.3493240578398261
921,0.625,0.48216806470764106
922,0.625,0.3595602700144682
923,0.65,0.39584423736207597
924,0.7,0.36361642080401557
925,0.625,0.47440618163894155
926,0.6323529411764706,0.3196972761509552
927,0.6323529411764706,0.4787017759217256
928,0.6923076923076923,0.4849890902478937
929,0.6323529411764706,0.5725200854197867
930,0.6323529411764706,0.404878911820753
931,0.825,0.38755172770166046
932,0.6323529411764706,0.4460719567232626
933,0.6333333333333333,0.4547354045029889
934,0.6333333333333333,0.45661661226076433
935,0.6333333333333333,0.43280381539514046
936,0.6375,0.4989350886794245
937,0.6388888888888888,0.471180215350946
938,0.6388888888888888,0.5410718400901056
939,0.640625,0.5411856760884947
940,0.640625,0.4165642668117442
941,0.6428571428571429,0.5594552974694755
942,0.6447368421052632,0.41011854461038055
943,0.6470588235294118,0.530423137195326
944,0.6470588235294118,0.469825496736071
945,0.65,0.5110155604257811
946,0.6527777777777778,0.3453605672224368
947,0.6527777777777778,0.3649322898670101
948,0.6527777777777778,0.38723338652096384
949,0.6527777777777778,0.45445508713434013
950,0.6527777777777778,0.4040999402251565
951,0.6547619047619048,0.5119934743299283
952,0.65625,0.40521670588851033
953,0.6607142857142857,0.429050860385903
954,0.6617647058823529,0.43164280787117904
955,0.671875,0.41329249788660394
956,0.6617647058823529,0.43270599745554705
957,0.6617647058823529,0.47582590124945356
958,0.6617647058823529,0.4891268595813131
959,0.6625,0.5099303588870948
960,0.6666666666666666,0.5800177109156244
961,0.6666666666666666,0.38657859397244754
962,0.6666666666666666,0.47833384591791184
963,0.6666666666666666,0.4145690034775069
964,0.6764705882352942,0.49251499926375375
965,0.6805555555555556,0.500091280707485
966,0.6805555555555556,0.575307484340598
967,0.6833333333333333,0.4663408289672999
968,0.6833333333333333,0.5275360863105879
969,0.6875,0.48585674361541686
970,0.7678571428571428,0.4965479197685003
971,0.6875,0.503924195664181
972,0.6875,0.47972317861296987
973,0.7058823529411765,0.4869487868461152
974,0.6911764705882353,0.45425641103879144
975,0.6944444444444444,0.4702242781855177
976,0.6944444444444444,0.49873459500273754
977,0.7,0.4747912324276262
978,0.7,0.575042789486768
979,0.7,0.4565460711874636
980,0.703125,0.45080289322192346
981,0.7058823529411765,0.5791307645482316
982,0.7083333333333334,0.4784678704535945
983,0.7083333333333334,0.5053478523993747
984,0.7083333333333334,0.467174076942936
985,0.7083333333333334,0.4818841477292095
986,0.7166666666666667,0.4842312493905596
987,0.71875,0.45066018955654663
988,0.7205882352941176,0.38314278252389
989,0.7222222222222222,0.39874252787253617
990,0.7222222222222222,0.48132236201771317
991,0.7222222222222222,0.43832742174774497
992,0.725,0.4611972926963982
993,0.7333333333333333,0.5240249310248707
994,0.7333333333333333,0.4967411174659304
995,0.7857142857142858,0.5071956683982549
996,0.734375,0.5251084603921322
997,0.7352941176470589,0.5014063511751612
998,0.7352941176470589,0.48569385351229677
999,0.7647058823529411,0.46759726571594595
1000,0.75,0.368714271824643
1001,0.75,0.51199264529671
1002,0.75,0.48065394380197113
1003,0.7749999999999999,0.5460577439627898
1004,0.7777777777777777,0.493161037398942
1005,0.8,0.4074654470260991
1006,0.8,0.5427377969894511
1007,0.8055555555555556,0.45531188353499064
1008,0.8500000000000001,0.4762962227473324
1009,0.975,0.5066833831199361
1010,0.8055555555555556,0.4776839638626885
1011,0.825,0.6014066180772463
1012,0.8333333333333333,0.3651063700238738
1013,0.875,0.37897307285821813
1014,0.8999999999999999,0.47781816493065987
1015,0.925,0.4487748390319273
1016,0.2222222222222222,0.314718116512238
1017,0.11764705882352945,0.40435249573689036
1018,0.14285714285714285,0.4367861523081765
1019,0.15625,0.3572142254904467
1020,0.1607142857142857,0.3898657735784017
1021,0.16666666666666669,0.44184939627039965
1022,0.2857142857142857,0.4167195635980018
1023,0.3194444444444444,0.4610676360318754
1024,0.3977272727272727,0.43475884736378456
1025,0.171875,0.4345774868770418
1026,0.25,0.42073011669326077
1027,0.171875,0.2745512961612936
1028,0.175,0.3059044640687948
1029,0.1875,0.42077132434638476
1030,0.19117647058823528,0.38679026559656093
1031,0.19117647058823528,0.45124677891191856
1032,0.33333333333333337,0.4745711129679925
1033,0.1944444444444444,0.3140071842767418
1034,0.19642857142857145,0.2569916438444948
1035,0.2857142857142857,0.31553514790349646
1036,0.2954545454545454,0.2900286468206691
1037,0.19642857142857145,0.3558643006705985
1038,0.32608695652173914,0.35563076382844516
1039,0.19642857142857145,0.31163801074709974
1040,0.1973684210526316,0.2855930379755034
1041,0.2,0.41516399470696297
1042,0.2,0.35255511901227454
1043,0.203125,0.3094715278039498
1044,0.2058823529411765,0.3959417869617404
1045,0.2058823529411765,0.36836481582031255
1046,0.2058823529411765,0.29276777133502585
1047,0.21052631578947367,0.36048215650032556
1048,0.2352941176470588,0.33235415873613217
1049,0.2647058823529411,0.3124781587637979
1050,0.2934782608695652,0.32867635358295033
1051,0.30000000000000004,0.30076173904385495
1052,0.21052631578947367,0.36064761672656465
1053,0.21052631578947367,0.3664786874671975
1054,0.21666666666666667,0.3437757088355037
1055,0.2173913043478261,0.3911291994239635
1056,0.3026315789473685,0.370158875806623
1057,0.22058823529411764,0.41425602449507026
1058,0.3611111111111112,0.44952330938116214
1059,0.22058823529411764,0.35539871926843314
1060,0.22058823529411764,0.3897565481751527
1061,0.22058823529411764,0.3083194290760116
1062,0.2222222222222222,0.3178202754244579
1063,0.22368421052631576,0.360438041016776
1064,0.225,0.4582432543833026
1065,0.225,0.4862180671661853
1066,0.23214285714285715,0.4514025957571668
1067,0.23214285714285715,0.42315403614246905
1068,0.2333333333333333,0.37624690241523717
1069,0.2333333333333333,0.383271576613728
1070,0.2333333333333333,0.4668378354306806
1071,0.4347826086956522,0.476843052233901
1072,0.234375,0.34622453545013465
1073,0.234375,0.2881063595136961
1074,0.2352941176470588,0.428785855244324
1075,0.2352941176470588,0.39471835189116666
1076,0.2368421052631579,0.423284882874446
1077,0.2368421052631579,0.33118924472393163
1078,0.2375,0.28877272162717726
1079,0.25,0.3949813807405176
1080,0.25,0.3621692706524565
1081,0.25,0.44068614196113975
1082,0.25,0.4784418129511373
1083,0.25,0.3906315750906333
1084,0.25,0.4241699220845271
1085,0.25,0.3876205699162917
1086,0.25,0.39368978941660293
1087,0.25,0.294983172059889
1088,0.25,0.4145211701309539
1089,0.25,0.3529864563774342
1090,0.25,0.30840493944699565
1091,0.25,0.22844421282980754
1092,0.25,0.39246206688328333
1093,0.25,0.3743648921154392
1094,0.2608695652173913,0.44625144017693985
1095,0.2608695652173913,0.3138164345193769
1096,0.2631578947368421,0.376533600943715
1097,0.26388888888888884,0.35919981187649697
1098,0.2647058823529411,0.28254879309337055
1099,0.2647058823529411,0.3724840967889823
1100,0.2647058823529411,0.4483326819507377
1101,0.2647058823529411,0.3932637477929273
1102,0.2678571428571429,0.3530445811327816
1103,0.2678571428571429,0.3758977108711081
1104,0.2678571428571429,0.38604558818923795
1105,0.2678571428571429,0.409706011286905
1106,0.2717391304347826,0.3840710431034906
1107,0.27380952380952384,0.4624791050974668
1108,0.36764705882352944,0.3952274580100906
1109,0.27380952380952384,0.38699483967955184
1110,0.275,0.2828880873833488
1111,0.275,0.3517557822281584
1112,0.275,0.47122108202222335
1113,0.275,0.40219811202109856
1114,0.2763157894736842,0.4537537522477404
1115,0.2763157894736842,0.4236601624710732
1116,0.2777777777777778,0.40155702176603636
1117,0.2777777777777778,0.275626200607907
1118,0.2794117647058824,0.40445835393631346
1119,0.2794117647058824,0.47408913437364497
1120,0.2794117647058824,0.3697322901411164
1121,0.2794117647058824,0.3950489233883636
1122,0.28125,0.3612404643435785
1123,0.2833333333333333,0.4480093200784617
1124,0.2833333333333333,0.4127643989631784
1125,0.2857142857142857,0.3408302722935872
1126,0.2857142857142857,0.3564943448831641
1127,0.2857142857142857,0.4278691678694475
1128,0.2857142857142857,0.3921150930538094
1129,0.2857142857142857,0.42792420946967347
1130,0.2875,0.446364760086974
1131,0.2875,0.4295806380721281
1132,0.2875,0.28709498514529164
1133,0.2875,0.36086265704190656
1134,0.3833333333333333,0.40879520546633696
1135,0.4736842105263158,0.39468763874758006
1136,0.2894736842105263,0.4275336545002857
1137,0.2894736842105263,0.525742938648279
1138,0.2894736842105263,0.3527510683156915
1139,0.2941176470588235,0.3824930012397243
1140,0.2941176470588235,0.47900173336863205
1141,0.368421052631579,0.4686478365986596
1142,0.2941176470588235,0.41905465240328355
1143,0.2941176470588235,0.3941085605892034
1144,0.4285714285714286,0.3914700660952134
1145,0.2941176470588235,0.4118610238650624
1146,0.2954545454545454,0.3373853602962521
1147,0.296875,0.37411600839018067
1148,0.296875,0.4155721842609914
1149,0.296875,0.3476204438011721
1150,0.3382352941176471,0.43091323035245443
1151,0.359375,0.42657547766042825
1152,0.38235294117647056,0.3908027811416426
1153,0.5147058823529411,0.3935933547144511
1154,0.296875,0.46559088098876733
1155,0.30000000000000004,0.4686047070757279
1156,0.30000000000000004,0.475213106390708
1157,0.30000000000000004,0.4437522860631302
1158,0.30000000000000004,0.4643381262230346
1159,0.30000000000000004,0.3725807526155318
1160,0.30000000000000004,0.48946912974663914
1161,0.3026315789473685,0.36987141731504913
1162,0.3026315789473685,0.36782216750837626
1163,0.3035714285714286,0.47824257229454226
1164,0.3043478260869565,0.43064209114630514
1165,0.3043478260869565,0.3395426801941138
1166,0.3382352941176471,0.3596477134030006
1167,0.35,0.3829489402722325
1168,0.3055555555555556,0.4556946333734946
1169,0.3088235294117647,0.46056167107535206
1170,0.3088235294117647,0.3904307502644716
1171,0.3088235294117647,0.43186015861903926
1172,0.30952380952380953,0.4105344456497042
1173,0.3125,0.32088635449238434
1174,0.3125,0.4277012822802043
1175,0.3125,0.390274217134703
1176,0.3125,0.4250185659054829
1177,0.44565217391304346,0.42927908357497957
1178,0.3125,0.4321580121873224
1179,0.3152173913043478,0.513414946449909
1180,0.3152173913043478,0.3261020729174966
1181,0.3152173913043478,0.4200237749637763
1182,0.3157894736842105,0.3725363305922589
1183,0.3157894736842105,0.43348686415329163
1184,0.3157894736842105,0.3167785066215393
1185,0.3157894736842105,0.3989815819985767
1186,0.3157894736842105,0.44208667269379487
1187,0.33333333333333337,0.3700840589638351
1188,0.3157894736842105,0.45910521208436716
1189,0.3157894736842105,0.47320145274195347
1190,0.3157894736842105,0.47693149109901867
1191,0.31666666666666665,0.44277671353348014
1192,0.31666666666666665,0.4920402750018841
1193,0.31666666666666665,0.39713942074674047
1194,0.3194444444444444,0.4218679697796861
1195,0.3194444444444444,0.39125054275124327
1196,0.3194444444444444,0.4243141955291915
1197,0.3214285714285714,0.38485016797520655
1198,0.3214285714285714,0.4715595468650504
1199,0.3214285714285714,0.4506630242478422
1200,0.3214285714285714,0.4442671511127487
1201,0.38235294117647056,0.44307486423862597
1202,0.4833333333333333,0.4799711718048141
1203,0.32352941176470584,0.4826638353043866
1204,0.32352941176470584,0.39197019554238743
1205,0.32352941176470584,0.48876994825336284
1206,0.32352941176470584,0.45549235864523985
1207,0.32352941176470584,0.3653283385667462
1208,0.32352941176470584,0.4861647400420044
1209,0.32352941176470584,0.34551236203473534
1210,0.32352941176470584,0.44210898982892455
1211,0.32352941176470584,0.4197692530352206
1212,0.32352941176470584,0.41266743639745207
1213,0.32352941176470584,0.4204799454739089
1214,0.32352941176470584,0.4257849281072287
1215,0.32352941176470584,0.523922824947963
1216,0.32352941176470584,0.520113078539846
1217,0.325,0.3289460006048156
1218,0.325,0.3730753343845501
1219,0.325,0.4451096352782251
1220,0.325,0.46794691886284057
1221,0.325,0.4011175703818768
1222,0.32608695652173914,0.3775921839697197
1223,0.328125,0.46232081568857997
1224,0.328125,0.3379949922117991
1225,0.32894736842105265,0.48386487974378534
1226,0.44565217391304346,0.4623052317805083
1227,0.32894736842105265,0.4743598602178446
1228,0.32894736842105265,0.5184288112941423
1229,0.4117647058823529,0.555555600055254
1230,0.4285714285714286,0.4911057024318771
1231,0.32894736842105265,0.2970496936741607
1232,0.32894736842105265,0.4642877299860274
1233,0.3295454545454546,0.45344308020199875
1234,0.33333333333333337,0.5213132698316805
1235,0.3375,0.31050959011918666
1236,0.3382352941176471,0.47730655059739
1237,0.3392857142857143,0.47172104075137467
1238,0.3392857142857143,0.4289530882280308
1239,0.3392857142857143,0.586260858438893
1240,0.3421052631578947,0.43865729198703585
1241,0.3421052631578947,0.4967255779262688
1242,0.34375,0.3470109556776677
1243,0.34375,0.3972978571536523
1244,0.34375,0.41019788013896397
1245,0.34375,0.466964100557021
1246,0.34523809523809523,0.45695530504644144
1247,0.3472222222222222,0.4541323511754609
1248,0.3472222222222222,0.4821361900963015
1249,0.45,0.5016521773344532
1250,0.3478260869565217,0.456884636734161
1251,0.35,0.5216031422543578
1252,0.4583333333333334,0.4922518959658372
1253,0.35,0.5097608563361734
1254,0.35,0.350262122523303
1255,0.35,0.4759200521695315
1256,0.35,0.46755437046169446
1257,0.5375,0.45255492762311045
1258,0.3522727272727273,0.4006622772324826
1259,0.35526315789473684,0.41631433334322454
1260,0.35526315789473684,0.44860910933812603
1261,0.3571428571428571,0.4042554166178861
1262,0.3571428571428571,0.45503836901726247
1263,0.3571428571428571,0.48270525383565077
1264,0.3586956521739131,0.4281532491287834
1265,0.3586956521739131,0.44319729339306646
1266,0.359375,0.4882898873270759
1267,0.3611111111111112,0.41452986144067394
1268,0.3611111111111112,0.39762975557929137
1269,0.3611111111111112,0.3776995043787995
1270,0.3611111111111112,0.36324515644205213
1271,0.3611111111111112,0.44170779146609696
1272,0.3625,0.28107076952231713
1273,0.3625,0.47148356347922826
1274,0.5735294117647058,0.47741598028002186
1275,0.3625,0.38285777460167614
1276,0.3625,0.4862163598748739
1277,0.3666666666666667,0.39750351556257746
1278,0.36764705882352944,0.44204198494278524
1279,0.36764705882352944,0.4560468212716984
1280,0.36764705882352944,0.4445910833257989
1281,0.36764705882352944,0.47481720363666313
1282,0.368421052631579,0.3880966993927808
1283,0.368421052631579,0.41363001436868074
1284,0.368421052631579,0.384937729790393
1285,0.368421052631579,0.359101415167527
1286,0.368421052631579,0.49447426897826174
1287,0.4166666666666666,0.5194030802671943
1288,0.44565217391304346,0.5337404496832765
1289,0.368421052631579,0.4902723510349769
1290,0.368421052631579,0.4569896105278448
1291,0.375,0.4446251731512092
1292,0.375,0.4531556667385691
1293,0.375,0.4246008896813529
1294,0.375,0.5038329128611777
1295,0.375,0.5353520703544545
1296,0.375,0.4672555858450741
1297,0.375,0.47065190436075754
1298,0.375,0.5053236362691399
1299,0.375,0.41526374400403865
1300,0.3804347826086957,0.4971301879033948
1301,0.381578947368421,0.49205088015051657
1302,0.381578947368421,0.3887220008997393
1303,0.38235294117647056,0.4539204312868512
1304,0.38235294117647056,0.45212795294450203
1305,0.38235294117647056,0.4757923598745164
1306,0.3833333333333333,0.502499646554991
1307,0.3833333333333333,0.4036455848871394
1308,0.3833333333333333,0.3523055568922474
1309,0.3875,0.350687812759921
1310,0.3888888888888888,0.3733907992774128
1311,0.3888888888888888,0.4261605996851211
1312,0.3888888888888888,0.374492292875259
1313,0.390625,0.4287464036683162
1314,0.3928571428571429,0.4833706718697207
1315,0.3928571428571429,0.4577063877748242
1316,0.3947368421052632,0.41239630986851716
1317,0.3947368421052632,0.45641508666037134
1318,0.3947368421052632,0.4416875218470909
1319,0.3947368421052632,0.4419696470604102
1320,0.3947368421052632,0.4136848116233115
1321,0.3947368421052632,0.5113097254025601
1322,0.3970588235294118,0.4525123862763236
1323,0.3970588235294118,0.4465073083935631
1324,0.4,0.47112111526501543
1325,0.4,0.45032391806644023
1326,0.4,0.28371382999287087
1327,0.4,0.4353170546184316
1328,0.4027777777777778,0.4961342715976298
1329,0.4027777777777778,0.34646111512985966
1330,0.4047619047619048,0.4785248460093823
1331,0.4078947368421053,0.5121344324216175
1332,0.4078947368421053,0.4510725495790604
1333,0.5,0.43407352778032027
1334,0.5,0.42672649231847315
1335,0.5394736842105263,0.43291014287717344
1336,0.40909090909090906,0.4761114281012786
1337,0.4107142857142857,0.5240071752108811
1338,0.4107142857142857,0.4672733329656148
1339,0.4107142857142857,0.3699608977677651
1340,0.4117647058823529,0.37882237639832095
1341,0.4117647058823529,0.48403134333940645
1342,0.4117647058823529,0.4333368086557722
1343,0.4117647058823529,0.42552416226490597
1344,0.4125,0.4411782865232414
1345,0.4130434782608695,0.5211227769330963
1346,0.4166666666666666,0.5156259939584747
1347,0.4166666666666666,0.4618193880507204
1348,0.4204545454545454,0.38131434928009
1349,0.42105263157894735,0.4674489379035297
1350,0.42105263157894735,0.47778705541383704
1351,0.42105263157894735,0.4777436749210594
1352,0.421875,0.4541337821514354
1353,0.421875,0.4135067357051053
1354,0.425,0.4801534278180012
1355,0.42647058823529416,0.5125205086709962
1356,0.42647058823529416,0.4224564221970577
1357,0.42647058823529416,0.43415335276066147
1358,0.5166666666666667,0.469191819612671
1359,0.5921052631578947,0.41622624048929324
1360,0.42647058823529416,0.465267249212162
1361,0.4285714285714286,0.4550484538968027
1362,0.4285714285714286,0.3652725808822733
1363,0.4285714285714286,0.34702888452226266
1364,0.4305555555555556,0.5267166188189364
1365,0.4305555555555556,0.5093821818370394
1366,0.43333333333333335,0.510894298918818
1367,0.43333333333333335,0.45734691656967663
1368,0.4342105263157895,0.4187141183049219
1369,0.4342105263157895,0.4752604845490205
1370,0.4342105263157895,0.45558130304279654
1371,0.4375,0.3532512906508295
1372,0.4375,0.4633521997107445
1373,0.4375,0.43892295710053986
1374,0.4375,0.35147115455217315
1375,0.4666666666666667,0.4034047639196251
1376,0.4411764705882353,0.34492071001459923
1377,0.4411764705882353,0.4492980845956128
1378,0.4411764705882353,0.4703086093709148
1379,0.5394736842105263,0.48455010812971855
1380,0.44318181818181823,0.45404600171375975
1381,0.44318181818181823,0.4042121637718804
1382,0.4444444444444444,0.38315957696458736
1383,0.4444444444444444,0.4053570873265735
1384,0.5,0.4253099322230184
1385,0.5147058823529411,0.44514907203500653
1386,0.5882352941176471,0.4475389848269642
1387,0.4444444444444444,0.4542387504315638
1388,0.44565217391304346,0.5112228515031205
1389,0.44565217391304346,0.43975753009882146
1390,0.4464285714285714,0.4984879864239564
1391,0.4473684210526315,0.44313614262269585
1392,0.4473684210526315,0.4584760765131446
1393,0.45,0.5126189541446383
1394,0.45,0.5124331574477718
1395,0.4523809523809523,0.3271588736823149
1396,0.453125,0.4570203877632498
1397,0.4558823529411765,0.4564545891124072
1398,0.4558823529411765,0.3868495708350762
1399,0.4558823529411765,0.5251775676043973
1400,0.4558823529411765,0.3692388343577353
1401,0.4565217391304348,0.47852435323715936
1402,0.4583333333333334,0.46070210949305945
1403,0.4625,0.4901784606808556
1404,0.4625,0.4706337843730921
1405,0.5394736842105263,0.45894022137323986
1406,0.5588235294117647,0.4654758169062353
1407,0.4625,0.5168455526320843
1408,0.4642857142857143,0.47583660865670274
1409,0.4642857142857143,0.454438818594747
1410,0.4673913043478261,0.46586065663132226
1411,0.4673913043478261,0.49144221590590864
1412,0.4673913043478261,0.5165657157523224
1413,0.4673913043478261,0.44955204263810955
1414,0.46875,0.42568014327726256
1415,0.4705882352941176,0.45601394193239575
1416,0.4705882352941176,0.4833016038523682
1417,0.4705882352941176,0.4484306993360274
1418,0.4722222222222222,0.5130432125707302
1419,0.4736842105263158,0.468955836792631
1420,0.4736842105263158,0.4884602502993123
1421,0.4852941176470589,0.46786181502596846
1422,0.4761904761904762,0.46000348538485325
1423,0.4782608695652174,0.3706264874580957
1424,0.4821428571428571,0.4763257006527045
1425,0.4821428571428571,0.4895860909957027
1426,0.4833333333333333,0.41119224421852696
1427,0.4833333333333333,0.5075665013767361
1428,0.484375,0.4550334059927771
1429,0.4852941176470589,0.4920097769986965
1430,0.4861111111111112,0.4792464919396866
1431,0.5657894736842105,0.48327023937609526
1432,0.4861111111111112,0.4731500234636016
1433,0.4861111111111112,0.4093645608279233
1434,0.4868421052631578,0.5172833042956333
1435,0.4880952380952381,0.4914687586816693
1436,0.4886363636363637,0.46735417111421607
1437,0.4891304347826087,0.36435249600000663
1438,0.4891304347826087,0.38553120649164396
1439,0.5,0.3676162240331259
1440,0.5,0.4517055696158143
1441,0.5,0.4551492278751681
1442,0.5,0.5092392702877828
1443,0.5,0.43245218704940847
1444,0.5,0.36134387616705577
1445,0.5,0.5011457123165204
1446,0.5,0.44135490267186106
1447,0.5,0.4624081449255727
1448,0.5,0.5138891636544433
1449,0.5108695652173914,0.36176167829674133
1450,0.5119047619047619,0.4750689003994303
1451,0.5131578947368421,0.36704608030134833
1452,0.5434782608695652,0.33252322214340757
1453,0.6190476190476191,0.3282747076859255
1454,0.631578947368421,0.3908412425884792
1455,0.7023809523809523,0.35835757074602115
1456,0.5138888888888888,0.4916369677662903
1457,0.5147058823529411,0.44614371205378034
1458,0.5147058823529411,0.4057334292055499
1459,0.515625,0.4663382885593972
1460,0.5178571428571429,0.3698411299706722
1461,0.5217391304347826,0.5295908005040962
1462,0.5238095238095238,0.3157498290596745
1463,0.5921052631578947,0.3231824911537121
1464,0.5238095238095238,0.4881820157291481
1465,0.525,0.5118548420089322
1466,0.5357142857142857,0.49080268329276644
1467,0.5263157894736842,0.3933644009960082
1468,0.5263157894736842,0.4765642550688244
1469,0.5277777777777778,0.46335857358001054
1470,0.5294117647058824,0.4889892205976345
1471,0.5294117647058824,0.4488177190033724
1472,0.532608695652174,0.4724334445490066
1473,0.5333333333333333,0.41513705379089305
1474,0.5357142857142857,0.537067706693696
1475,0.5357142857142857,0.48197573432555374
1476,0.5357142857142857,0.46198766085098
1477,0.5416666666666666,0.5514459488830588
1478,0.5441176470588235,0.5096850205259164
1479,0.5441176470588235,0.4023581951355978
1480,0.546875,0.5509652969229268
1481,0.546875,0.4375014152270157
1482,0.55,0.450136647639802
1483,0.5526315789473685,0.5110336217002727
1484,0.5526315789473685,0.5419617368562984
1485,0.5526315789473685,0.47270694226408494
1486,0.6323529411764706,0.4879024207043373
1487,0.5526315789473685,0.5238064111394822
1488,0.5555555555555556,0.5019339137874504
1489,0.5595238095238095,0.4789759565821792
1490,0.5625,0.5398270516577898
1491,0.5657894736842105,0.39591247124440876
1492,0.5714285714285714,0.4844524524972247
1493,0.5714285714285714,0.533374024386504
1494,0.578125,0.4995568816980229
1495,0.578125,0.5489693407048428
1496,0.5789473684210527,0.4486018213939512
1497,0.5795454545454546,0.5077418680001828
1498,0.6176470588235294,0.49422077093286276
1499,0.6333333333333333,0.529707370787164
1500,0.5833333333333334,0.48147513929797503
1501,0.5833333333333334,0.5606122574859065
1502,0.5882352941176471,0.47243254312728356
1503,0.6,0.4197916040647004
1504,0.6029411764705882,0.48182053379535184
1505,0.6111111111111112,0.3911715035588115
1506,0.6190476190476191,0.4458887846983183
1507,0.625,0.4407576380401531
1508,0.6428571428571429,0.5168667375384
1509,0.6666666666666666,0.532761432749042
1510,0.675,0.4991189725705101
1511,0.6785714285714286,0.5229886228234288
1512,0.7058823529411765,0.5040039321643808
1513,0.75,0.43869197885327005
